Gracenote Coffee Boston,"[['4.7 stars 691 Reviews', ' 108 Lincoln St']]"
"
"
George Howell Coffee,"[['4.6 stars 1,148 Reviews', ' 505 Washington St'], ['4.1 stars 89 Reviews', ' Public Market 100 Hanover St']]"
"
"
Thinking Cup,"[['4.4 stars 1,818 Reviews', ' 165 Tremont St'], ['4.4 stars 1,221 Reviews', ' 236 Hanover St'], ['4.5 stars 1,798 Reviews', ' 85 Newbury St']]"
"
"
The Well Coffee House,"[['4.9 stars 56 Reviews', ' 173 Border St'], ['4.7 stars 588 Reviews', ' 212 Washington St']]"
"
"
Tradesman Coffee Shop and Lounge,"[['4.5 stars 725 Reviews', ' 58 Batterymarch St']]"
"
"
Broadsheet Coffee Roasters,"[['4.6 stars 613 Reviews', ' 100 Kirkland St'], ['4.6 stars 613 Reviews', ' 100 Kirkland St']]"
"
"
Render Coffee,"[['4.5 stars 641 Reviews', ' 563 Columbus Ave APT 2']]"
"
"
Jaho Coffee Roaster & Wine Bar,"[['4.4 stars 1,509 Reviews', ' 665 Washington St'], ['4.4 stars 646 Reviews', ' 1651 Washington St'], ['4.2 stars 625 Reviews', ' 116 Huntington Ave']]"
"
"
Phin Coffee House,"[['4.8 stars 465 Reviews', ' 10 High St']]"
"
"
Farmers Horse Coffee,"[['4.6 stars 439 Reviews', ' 374 Massachusetts Ave']]"
"
"
Ogawa Coffee,"[['4.5 stars 1,340 Reviews', ' 10 Milk St']]"
"
"
Cicada,"[['4.5 stars 504 Reviews', ' 106 Prospect St']]"
"
"
Koko Coffee,"[['4.4 stars 104 Reviews', ' 255 State St'], ['4.4 stars 104 Reviews', ' 255 State St']]"
"
"
Caffe Vittoria,"[['4.3 stars 2,093 Reviews', ' 290-296 Hanover St']]"
"
"
Esthetic Bean Coffee Shop,"[['4.9 stars 139 Reviews', ' 16 Preble St'], ['4.9 stars 139 Reviews', ' 16 Preble St']]"
"
"
Kicco Italian Coffee,"[['4.6 stars 99 Reviews', ' 1 Nashua St'], ['4.6 stars 99 Reviews', ' 1 Nashua St']]"
"
"
Cuppacoffee Boston South End,"[['4.5 stars 190 Reviews', ' 57 Traveler St']]"
"
"
Gracenote Coffee,"[['4.8 stars 38 Reviews', ' 72 High St']]"
"
"
Central Perk Coffee Co,"[['4.4 stars 221 Reviews', ' 205 Newbury St']]"
"
"
Say Coffee Co,"[['4.4 stars 87 Reviews', ' 401 Park Dr']]"
"
"
Pavement Coffeehouse - Symphony,"[['4.3 stars 401 Reviews', ' 44 Gainsborough St']]"
"
"
PS Gourmet Coffee,"[['4.6 stars 267 Reviews', ' 106 Dorchester St']]"
"
"
Caffè Nero,"[['4.1 stars 1,130 Reviews', ' 10 Summer St'], ['4.4 stars 670 Reviews', ' 368 Congress St'], ['4.3 stars 368 Reviews', ' 564 Tremont St']]"
"
"
La Colombe Coffee Roasters,"[['4.5 stars 284 Reviews', ' 29 Northern Ave'], ['4.6 stars 321 Reviews', ' 745 Atlantic Ave']]"
"
"
Phinista Cafe,"[['4.5 stars 694 Reviews', ' 96 Peterborough St']]"
"
"
Capitol Coffee House,"[['4.4 stars 300 Reviews', ' 122 Bowdoin St']]"
"
"
Pavement Coffeehouse - Newbury,"[['4.2 stars 624 Reviews', ' 286 Newbury St']]"
"
"
Blank Street Coffee,"[['4.3 stars 64 Reviews', ' 282 Cambridge St'], ['4.1 stars 60 Reviews', ' 97 Charles St'], ['4.8 stars 12 Reviews', ' 489 E Broadway']]"
"
"
APM Coffee,"[['4.4 stars 114 Reviews', ' 99 Kneeland St']]"
"
"
Caffè Bene,"[['4.3 stars 716 Reviews', ' 333 Massachusetts Ave']]"
"
"
Blue Bottle Coffee,"[['4.6 stars 84 Reviews', ' 113 Autumn Ln'], ['4.3 stars 456 Reviews', ' 800 Boylston St #25'], ['4.1 stars 258 Reviews', ' 163 Newbury St']]"
"
"
Caffè Paradiso,"[['4.3 stars 661 Reviews', ' 255 Hanover St']]"
"
"
Kneeland Café,"[['4.7 stars 46 Reviews', ' 75 Kneeland St']]"
"
"
Broadway’s Pastry & Coffee Shop,"[['4.5 stars 212 Reviews', ' 258 W Broadway']]"
"
"
The Bittersweet Shoppe on Newbury,"[['4.6 stars 159 Reviews', ' 257 Newbury St']]"
"
"
Pavement Coffeehouse - Fenway,"[['4.3 stars 483 Reviews', ' 1334 Boylston St']]"
"
"
Revival Cafe+Kitchen,"[['4.5 stars 134 Reviews', ' 121 Devonshire St']]"
"
"
"Capital One Cafe, featuring Verve Coffee Roasters","[['4.6 stars 67 Reviews', ' 711 Boylston St']]"
"
"
Travelmug Cafe,"[['4.9 stars 30 Reviews', ' 50 Liberty Drive']]"
"
"
Pavement Coffeehouse - Berklee,"[['4.2 stars 456 Reviews', ' 1096 Boylston St']]"
"
"
Capital One Café,"[['4.3 stars 53 Reviews', ' 57 Seaport Blvd']]"
"
"
The Sipping Room By Breeze,"[['4.7 stars 145 Reviews', ' 132 Jersey St']]"
"
"
Heidi’s House of Coffee,"[['4.9 stars 16 Reviews', ' 350 Longwood Ave']]"
"
"
Solid Ground Cafe,"[['4.7 stars 181 Reviews', ' 742 Huntington Ave']]"
"
"
Sorelle Bakery & Cafe,"[['4.2 stars 272 Reviews', ' 282 Congress St']]"
"
"
For Five Coffee Boston,"[['4.1 stars 49 Reviews', ' 200 State St']]"
"
"
Berkeley Perk Cafe,"[['4.5 stars 236 Reviews', ' 69 Berkeley St']]"
"
"
Pressed Cafe,"[['4.5 stars 617 Reviews', ' 105 Huntington Ave']]"
"
"
Pavement Coffeehouse - BU,"[['4.2 stars 343 Reviews', ' 736 Commonwealth Ave']]"
"
"
Tatte Bakery & Cafe | One Boston Place,"[['4.5 stars 695 Reviews', ' 201 Washington St']]"
"
"
